OldImageName,NewImageName,Url
452.jpg,Amberjack,https://fmbl-images.s3.amazonaws.com/processed-images/Amberjack.jpg
453.jpg,Barracuda (Great),https://fmbl-images.s3.amazonaws.com/processed-images/Barracuda (Great).jpg
454.jpg,Bass (Largemouth),https://fmbl-images.s3.amazonaws.com/processed-images/Bass (Largemouth).jpg
455.jpg,Bluefish,https://fmbl-images.s3.amazonaws.com/processed-images/Bluefish.jpg
456.jpg,Bonito,https://fmbl-images.s3.amazonaws.com/processed-images/Bonito.jpg
457.jpg,Clown Knife Fish,Original File Not Found
458.jpg,Cobia,https://fmbl-images.s3.amazonaws.com/processed-images/Cobia.jpg
459.jpg,Crappie,https://fmbl-images.s3.amazonaws.com/processed-images/Crappie.jpg
460.jpg,Crappie Amberjack,Original File Not Found
461.jpg,Dolphin (Mahi Mahi),https://fmbl-images.s3.amazonaws.com/processed-images/Dolphin (Mahi Mahi).jpg
462.jpg,Grouper (Black),https://fmbl-images.s3.amazonaws.com/processed-images/Grouper (Black).jpg
463.jpg,Grouper (Broomtail),https://fmbl-images.s3.amazonaws.com/processed-images/Grouper (Broomtail).jpg
464.jpg,Grouper (Gag),https://fmbl-images.s3.amazonaws.com/processed-images/Grouper (Gag).jpg
465.jpg,Grouper (Goliath),https://fmbl-images.s3.amazonaws.com/processed-images/Grouper (Goliath).jpg
466.jpg,Grouper (Red),https://fmbl-images.s3.amazonaws.com/processed-images/Grouper (Red).jpg
467.jpg,Grouper (Snowy),https://fmbl-images.s3.amazonaws.com/processed-images/Grouper (Snowy).jpg
468.jpg,Jack Crevalle,https://fmbl-images.s3.amazonaws.com/processed-images/Jack Crevalle.jpg
469.jpg,King Mackerel (Kingfish),https://fmbl-images.s3.amazonaws.com/processed-images/King Mackerel (Kingfish).jpg
470.jpg,Little Tunny (False Albacore),https://fmbl-images.s3.amazonaws.com/processed-images/Little Tunny (False Albacore).jpg
471.jpg,Marlin (Blue),https://fmbl-images.s3.amazonaws.com/processed-images/Marlin (Blue).jpg
472.jpg,Marlin (White),https://fmbl-images.s3.amazonaws.com/processed-images/Marlin (White).jpg
473.jpg,Permit,https://fmbl-images.s3.amazonaws.com/processed-images/Permit.jpg
474.jpg,Redfish,https://fmbl-images.s3.amazonaws.com/processed-images/Redfish.jpg
475.jpg,Sailfish,https://fmbl-images.s3.amazonaws.com/processed-images/Sailfish.jpg
476.jpg,Shark (Blacktip),https://fmbl-images.s3.amazonaws.com/processed-images/Shark (Blacktip).jpg
477.jpg,Shark (Bull),https://fmbl-images.s3.amazonaws.com/processed-images/Shark (Bull).jpg
478.jpg,Shark (Hammerhead),https://fmbl-images.s3.amazonaws.com/processed-images/Shark (Hammerhead).jpg
479.jpg,Shark (Mako),https://fmbl-images.s3.amazonaws.com/processed-images/Shark (Mako).jpg
480.jpg,Shark (Porbeagle),https://fmbl-images.s3.amazonaws.com/processed-images/Shark (Porbeagle).jpg
481.jpg,Shark (Thresher),https://fmbl-images.s3.amazonaws.com/processed-images/Shark (Thresher).jpg
482.jpg,Shark (Tiger),https://fmbl-images.s3.amazonaws.com/processed-images/Shark (Tiger).jpg
483.jpg,Snakehead,https://fmbl-images.s3.amazonaws.com/processed-images/Snakehead.jpg
484.jpg,Snapper (Mangrove),https://fmbl-images.s3.amazonaws.com/processed-images/Snapper (Mangrove).jpg
485.jpg,Snapper (Mutton),https://fmbl-images.s3.amazonaws.com/processed-images/Snapper (Mutton).jpg
486.jpg,Snapper (Red),https://fmbl-images.s3.amazonaws.com/processed-images/Snapper (Red).jpg
487.jpg,Snapper (Vermilion),https://fmbl-images.s3.amazonaws.com/processed-images/Snapper (Vermilion).jpg
488.jpg,Snapper (Yellowtail),https://fmbl-images.s3.amazonaws.com/processed-images/Snapper (Yellowtail).jpg
489.jpg,Snook,https://fmbl-images.s3.amazonaws.com/processed-images/Snook.jpg
490.jpg,Spanish Mackerel,https://fmbl-images.s3.amazonaws.com/processed-images/Spanish Mackerel.jpg
491.jpg,Swordfish,https://fmbl-images.s3.amazonaws.com/processed-images/Swordfish.jpg
492.jpg,Swordfish Dolphin (Mahi Mahi),Original File Not Found
493.jpg,Tarpon,https://fmbl-images.s3.amazonaws.com/processed-images/Tarpon.jpg
494.jpg,Tarpon Bass (Largemouth),Original File Not Found
495.jpg,Tarpon Cobia,Original File Not Found
496.jpg,Tilefish,https://fmbl-images.s3.amazonaws.com/processed-images/Tilefish.jpg
497.jpg,Tripletail,https://fmbl-images.s3.amazonaws.com/processed-images/Tripletail.jpg
498.jpg,Tuna (Blackfin),https://fmbl-images.s3.amazonaws.com/processed-images/Tuna (Blackfin).jpg
499.jpg,Tuna (Skipjack),https://fmbl-images.s3.amazonaws.com/processed-images/Tuna (Skipjack).jpg
500.jpg,Tuna (Yellowfin),https://fmbl-images.s3.amazonaws.com/processed-images/Tuna (Yellowfin).jpg
501.jpg,Wahoo,https://fmbl-images.s3.amazonaws.com/processed-images/Wahoo.jpg
554.jpg,Hogfish,https://fmbl-images.s3.amazonaws.com/processed-images/Hogfish.jpg
555.jpg,Jack (African Pompano),https://fmbl-images.s3.amazonaws.com/processed-images/Jack (African Pompano).jpg
556.jpg,Pompano,https://fmbl-images.s3.amazonaws.com/processed-images/Pompano.jpg
557.jpg,Snapper (Lane),https://fmbl-images.s3.amazonaws.com/processed-images/Snapper (Lane).jpg
559.jpg,Grouper (Dusky),https://fmbl-images.s3.amazonaws.com/processed-images/Grouper (Dusky).jpg
560.jpg,Grouper (Scamp),https://fmbl-images.s3.amazonaws.com/processed-images/Grouper (Scamp).jpg
561.jpg,Yellowtail Amberjack,Original File Not Found
562.jpg,Tuna (Bluefin),https://fmbl-images.s3.amazonaws.com/processed-images/Tuna (Bluefin).jpg
563.jpg,Rainbow Trout (Steelhead),https://fmbl-images.s3.amazonaws.com/processed-images/Rainbow Trout (Steelhead).jpg
564.jpg,Salmon (Chinook),https://fmbl-images.s3.amazonaws.com/processed-images/Salmon (Chinook).jpg
565.jpg,Salmon (Coho),https://fmbl-images.s3.amazonaws.com/processed-images/Salmon (Coho).jpg
566.jpg,Bass (Smallmouth),https://fmbl-images.s3.amazonaws.com/processed-images/Bass (Smallmouth).jpg
567.jpg,Muskellunge (Musky),https://fmbl-images.s3.amazonaws.com/processed-images/Muskellunge (Musky).jpg
568.jpg,Pike (Northern),https://fmbl-images.s3.amazonaws.com/processed-images/Pike (Northern).jpg
569.jpg,Walleye,https://fmbl-images.s3.amazonaws.com/processed-images/Walleye.jpg
570.jpg,Bass (Striped),https://fmbl-images.s3.amazonaws.com/processed-images/Bass (Striped).jpg
571.jpg,Halibut,https://fmbl-images.s3.amazonaws.com/processed-images/Halibut.jpg
572.jpg,Lingcod,https://fmbl-images.s3.amazonaws.com/processed-images/Lingcod.jpg
573.jpg,Rockfish,https://fmbl-images.s3.amazonaws.com/processed-images/Rockfish.jpg
574.jpg,Seabass (White),https://fmbl-images.s3.amazonaws.com/processed-images/Seabass (White).jpg
575.jpg,Shark (Leopard),https://fmbl-images.s3.amazonaws.com/processed-images/Shark (Leopard).jpg
576.jpg,Catfish,https://fmbl-images.s3.amazonaws.com/processed-images/Catfish.jpg
577.jpg,Brown Trout,https://fmbl-images.s3.amazonaws.com/processed-images/Brown Trout.jpg
578.jpg,Lake Trout,https://fmbl-images.s3.amazonaws.com/processed-images/Lake Trout.jpg
579.jpg,Shad,https://fmbl-images.s3.amazonaws.com/processed-images/Shad.jpg
580.jpg,Sturgeon,https://fmbl-images.s3.amazonaws.com/processed-images/Sturgeon.jpg
581.jpg,Flounder,https://fmbl-images.s3.amazonaws.com/processed-images/Flounder.jpg
582.jpg,Spotted Seatrout,https://fmbl-images.s3.amazonaws.com/processed-images/Spotted Seatrout.jpg
583.jpg,Black Drum,https://fmbl-images.s3.amazonaws.com/processed-images/Black Drum.jpg
584.jpg,Shark (Bonnethead),https://fmbl-images.s3.amazonaws.com/processed-images/Shark (Bonnethead).jpg
585.jpg,Sheepshead,https://fmbl-images.s3.amazonaws.com/processed-images/Sheepshead.jpg
586.jpg,Speckled Trout,Original File Not Found
587.jpg,Seabass (Black),https://fmbl-images.s3.amazonaws.com/processed-images/Seabass (Black).jpg
588.jpg,Weakfish,https://fmbl-images.s3.amazonaws.com/processed-images/Weakfish.jpg
589.jpg,Whiting,https://fmbl-images.s3.amazonaws.com/processed-images/Whiting.jpg
590.jpg,Triggerfish (Gray),https://fmbl-images.s3.amazonaws.com/processed-images/Triggerfish (Gray).jpg
591.jpg,Shark (Nurse),https://fmbl-images.s3.amazonaws.com/processed-images/Shark (Nurse).jpg
592.jpg,Ladyfish,https://fmbl-images.s3.amazonaws.com/processed-images/Ladyfish.jpg
593.jpg,Burbot,https://fmbl-images.s3.amazonaws.com/processed-images/Burbot.jpg
594.jpg,Bass (White),https://fmbl-images.s3.amazonaws.com/processed-images/Bass (White).jpg
595.jpg,Perch (Yellow),https://fmbl-images.s3.amazonaws.com/processed-images/Perch (Yellow).jpg
596.jpg,Crab,https://fmbl-images.s3.amazonaws.com/processed-images/Crab.jpg
597.jpg,Salmon,https://fmbl-images.s3.amazonaws.com/processed-images/Salmon.jpg
598.jpg,Salmon (Sockeye),https://fmbl-images.s3.amazonaws.com/processed-images/Salmon (Sockeye).jpg
599.jpg,Snapper (Pink),Original File Not Found
600.jpg,Cod,https://fmbl-images.s3.amazonaws.com/processed-images/Cod.jpg
601.jpg,Bass (Spotted),https://fmbl-images.s3.amazonaws.com/processed-images/Bass (Spotted).jpg
602.jpg,Hybrid Striped Bass,https://fmbl-images.s3.amazonaws.com/processed-images/Hybrid Striped Bass.jpg
603.jpg,Barracuda (Pacific),https://fmbl-images.s3.amazonaws.com/processed-images/Barracuda (Pacific).jpg
604.jpg,California Sheephead,https://fmbl-images.s3.amazonaws.com/processed-images/California Sheephead.jpg
605.jpg,Marlin (Striped),https://fmbl-images.s3.amazonaws.com/processed-images/Marlin (Striped).jpg
606.jpg,Calico Bass,https://fmbl-images.s3.amazonaws.com/processed-images/Calico Bass.jpg
607.jpg,Dogfish,https://fmbl-images.s3.amazonaws.com/processed-images/Dogfish.jpg
608.jpg,Shark (Lemon),https://fmbl-images.s3.amazonaws.com/processed-images/Shark (Lemon).jpg
609.jpg,Scup (Porgy),https://fmbl-images.s3.amazonaws.com/processed-images/Scup (Porgy).jpg
610.jpg,Shark (Blue),https://fmbl-images.s3.amazonaws.com/processed-images/Shark (Blue).jpg
611.jpg,Tautog,https://fmbl-images.s3.amazonaws.com/processed-images/Tautog.jpg
612.jpg,Lobster,https://fmbl-images.s3.amazonaws.com/processed-images/Lobster.jpg
613.jpg,Mackerel (Atlantic),https://fmbl-images.s3.amazonaws.com/processed-images/Mackerel (Atlantic).jpg
614.jpg,Pollock,https://fmbl-images.s3.amazonaws.com/processed-images/Pollock.jpg
615.jpg,Grunt,https://fmbl-images.s3.amazonaws.com/processed-images/Grunt.jpg
616.jpg,Shark (Great White),https://fmbl-images.s3.amazonaws.com/processed-images/Shark (Great White).jpg
617.jpg,Brook Trout,https://fmbl-images.s3.amazonaws.com/processed-images/Brook Trout.jpg
618.jpg,Spanish Mackerel (Narrow-barred),https://fmbl-images.s3.amazonaws.com/processed-images/Spanish Mackerel (Narrow-barred).jpg
619.jpg,Gurnard,https://fmbl-images.s3.amazonaws.com/processed-images/Gurnard.jpg
620.jpg,Ray,https://fmbl-images.s3.amazonaws.com/processed-images/Ray.jpg
621.jpg,Salmon (Chum),https://fmbl-images.s3.amazonaws.com/processed-images/Salmon (Chum).jpg
622.jpg,Salmon (Pink),https://fmbl-images.s3.amazonaws.com/processed-images/Salmon (Pink).jpg
623.jpg,Haddock,https://fmbl-images.s3.amazonaws.com/processed-images/Haddock.jpg
624.jpg,Bonefish,https://fmbl-images.s3.amazonaws.com/processed-images/Bonefish.jpg
625.jpg,Cero Mackerel,https://fmbl-images.s3.amazonaws.com/processed-images/Cero Mackerel.jpg
626.jpg,Tuna (Albacore),https://fmbl-images.s3.amazonaws.com/processed-images/Tuna (Albacore).jpg
627.jpg,Snapper (Cubera),https://fmbl-images.s3.amazonaws.com/processed-images/Snapper (Cubera).jpg
628.jpg,Bass (Peacock),https://fmbl-images.s3.amazonaws.com/processed-images/Bass (Peacock).jpg
629.jpg,Needlefish,https://fmbl-images.s3.amazonaws.com/processed-images/Needlefish.jpg
630.jpg,Arctic Char,Original File Not Found
631.jpg,Freshwater Drum,https://fmbl-images.s3.amazonaws.com/processed-images/Freshwater Drum.jpg
632.jpg,Common Ling,https://fmbl-images.s3.amazonaws.com/processed-images/Common Ling.jpg
633.jpg,Tuna (Bigeye),https://fmbl-images.s3.amazonaws.com/processed-images/Tuna (Bigeye).jpg
634.jpg,Whitefish (Lake),https://fmbl-images.s3.amazonaws.com/processed-images/Whitefish (Lake).jpg
635.jpg,Salmon (Atlantic),https://fmbl-images.s3.amazonaws.com/processed-images/Salmon (Atlantic).jpg
636.jpg,Spadefish,https://fmbl-images.s3.amazonaws.com/processed-images/Spadefish.jpg
637.jpg,Shark (Gummy),https://fmbl-images.s3.amazonaws.com/processed-images/Shark (Gummy).jpg
638.jpg,Shark (Tope),https://fmbl-images.s3.amazonaws.com/processed-images/Shark (Tope).jpg
639.jpg,Scallop,Original File Not Found
640.jpg,Alligator Gar,https://fmbl-images.s3.amazonaws.com/processed-images/Alligator Gar.jpg
641.jpg,Carp,https://fmbl-images.s3.amazonaws.com/processed-images/Carp.jpg
642.jpg,Garfish,https://fmbl-images.s3.amazonaws.com/processed-images/Garfish.jpg
643.jpg,Gilt-head (Seabream),https://fmbl-images.s3.amazonaws.com/processed-images/Gilt-head (Seabream).jpg
644.jpg,Perch (White),https://fmbl-images.s3.amazonaws.com/processed-images/Perch (White).jpg
645.jpg,Paddlefish,https://fmbl-images.s3.amazonaws.com/processed-images/Paddlefish.jpg
646.jpg,Tilapia,https://fmbl-images.s3.amazonaws.com/processed-images/Tilapia.jpg
647.jpg,Dolly Varden,Original File Not Found
648.jpg,Trevally (Giant),https://fmbl-images.s3.amazonaws.com/processed-images/Trevally (Giant).jpg
649.jpg,Queen Snapper (Caribbean),Original File Not Found
650.jpg,Perch (Silver),https://fmbl-images.s3.amazonaws.com/processed-images/Perch (Silver).jpg
651.jpg,Sunfish,https://fmbl-images.s3.amazonaws.com/processed-images/Sunfish.jpg
652.jpg,Jack (Almaco),https://fmbl-images.s3.amazonaws.com/processed-images/Jack (Almaco).jpg
653.jpg,Tigerfish,Original File Not Found
654.jpg,Clam,https://fmbl-images.s3.amazonaws.com/processed-images/Clam.jpg
655.jpg,Conger Eel,https://fmbl-images.s3.amazonaws.com/processed-images/Conger Eel.jpg
656.jpg,Bream (Black),Original File Not Found
657.jpg,Herring,https://fmbl-images.s3.amazonaws.com/processed-images/Herring.jpg
658.jpg,Sauger,https://fmbl-images.s3.amazonaws.com/processed-images/Sauger.jpg
659.jpg,Shrimp,https://fmbl-images.s3.amazonaws.com/processed-images/Shrimp.jpg
660.jpg,Spearfish (Longbill),https://fmbl-images.s3.amazonaws.com/processed-images/Spearfish (Longbill).jpg
661.jpg,Jack (Horse-eye),https://fmbl-images.s3.amazonaws.com/processed-images/Jack (Horse-eye).jpg
662.jpg,King George Whiting,https://fmbl-images.s3.amazonaws.com/processed-images/King George Whiting.jpg
663.jpg,Skate,https://fmbl-images.s3.amazonaws.com/processed-images/Skate.jpg
664.jpg,Marlin (Black),https://fmbl-images.s3.amazonaws.com/processed-images/Marlin (Black).jpg
665.jpg,Spearfish (Shortbill),https://fmbl-images.s3.amazonaws.com/processed-images/Spearfish (Shortbill).jpg
666.jpg,Jobfish (Green),Original File Not Found
667.jpg,Rainbow Runner,https://fmbl-images.s3.amazonaws.com/processed-images/Rainbow Runner.jpg
668.jpg,Roosterfish,https://fmbl-images.s3.amazonaws.com/processed-images/Roosterfish.jpg
669.jpg,Long-Tail Red Snapper (Onaga),https://fmbl-images.s3.amazonaws.com/processed-images/Long-Tail Red Snapper (Onaga).jpg
670.jpg,Trevally (Bigeye),https://fmbl-images.s3.amazonaws.com/processed-images/Trevally (Bigeye).jpg
671.jpg,Queenfish,https://fmbl-images.s3.amazonaws.com/processed-images/Queenfish.jpg
672.jpg,Flathead,https://fmbl-images.s3.amazonaws.com/processed-images/Flathead.jpg
673.jpg,Indian Threadfish,https://fmbl-images.s3.amazonaws.com/processed-images/Indian Threadfish.jpg
674.jpg,Seabass (Giant),https://fmbl-images.s3.amazonaws.com/processed-images/Seabass (Giant).jpg
675.jpg,Snapper (Mullet),Original File Not Found
676.jpg,California Corbina,https://fmbl-images.s3.amazonaws.com/processed-images/California Corbina.jpg
677.jpg,Bowfin,https://fmbl-images.s3.amazonaws.com/processed-images/Bowfin.jpg
678.jpg,Wrasse (Humphead),https://fmbl-images.s3.amazonaws.com/processed-images/Wrasse (Humphead).jpg
