Metafield: report.species [string],Image Src
Snook,https://cdn.shopify.com/s/files/1/0084/4785/2604/products/Snook.jpg?v=1595796021
Tarpon,https://cdn.shopify.com/s/files/1/0084/4785/2604/products/Tarpon.jpg?v=1595796021
Wahoo,https://cdn.shopify.com/s/files/1/0084/4785/2604/products/Wahoo.jpg?v=1595796047
Cobia,https://cdn.shopify.com/s/files/1/0084/4785/2604/products/1280_1Ej251CeomN3.png?v=1595796024
Sailfish,https://cdn.shopify.com/s/files/1/0084/4785/2604/products/Sailfish.jpg?v=1595796021
Bonita,https://cdn.shopify.com/s/files/1/0084/4785/2604/products/Bonita.jpg?v=1595796022
Alligator Gar,https://cdn.shopify.com/s/files/1/0084/4785/2604/products/Snook_38bd6749-42c6-48be-968c-c97009ebd4f6.jpg?v=1596147081
Amberjack,https://cdn.shopify.com/s/files/1/0084/4785/2604/products/West_20Palm_20Beach_20Amberjack_20Fishing.jpg?v=1598700781
Cobia,https://cdn.shopify.com/s/files/1/0084/4785/2604/products/West_20Palm_20Beach_20Cobia_20Fishing.jpg?v=1598700892
Marlin (Blue),https://cdn.shopify.com/s/files/1/0084/4785/2604/products/download_5f9b0127-1a53-466a-91ff-27acec1c4d33.jpg?v=1598743458
Dolphin (Mahi Mahi),https://cdn.shopify.com/s/files/1/0084/4785/2604/products/West_20Palm_20Beach_20Dolphin_20_Mahi_20Mahi_20Fishing.jpg?v=1598700757
Grouper (Black),https://cdn.shopify.com/s/files/1/0084/4785/2604/products/West_20Palm_20Beach_20Grouper_20_Black_20Fishing.jpg?v=1598700739
Grouper (Gag),https://cdn.shopify.com/s/files/1/0084/4785/2604/products/West_20Palm_20Beach_20Grouper_20_Gag_20Fishing.jpg?v=1598700913
Grouper (Red),https://cdn.shopify.com/s/files/1/0084/4785/2604/products/West_20Palm_20Beach_20Grouper_20_Red_20Fishing.jpg?v=1598700744
King Mackerel (Kingfish),https://cdn.shopify.com/s/files/1/0084/4785/2604/products/West_20Palm_20Beach_20King_20Mackerel_20_Kingfish_20Fishing.jpg?v=1598700809
Little Tunny (False Albacore),https://cdn.shopify.com/s/files/1/0084/4785/2604/products/West_20Palm_20Beach_20Little_20Tunny_20_False_20Albacore_20Fishing.jpg?v=1598700879
Sailfish,https://cdn.shopify.com/s/files/1/0084/4785/2604/products/West_20Palm_20Beach_20Sailfish_20Fishing.jpg?v=1598700772
Permit,https://cdn.shopify.com/s/files/1/0084/4785/2604/products/West_20Palm_20Beach_20Permit_20Fishing.jpg?v=1598701021
Jack Crevalle,https://cdn.shopify.com/s/files/1/0084/4785/2604/products/West_20Palm_20Beach_20Jack_20Crevalle_20Fishing.jpg?v=1598700939
Snapper (Mutton),https://cdn.shopify.com/s/files/1/0084/4785/2604/products/West_20Palm_20Beach_20Snapper_20_Mutton_20Fishing.jpg?v=1598700742
Snapper (Mangrove),https://cdn.shopify.com/s/files/1/0084/4785/2604/products/West_20Palm_20Beach_20Snapper_20_Mangrove_20Fishing.jpg?v=1598700817
Grouper (Snowy),https://cdn.shopify.com/s/files/1/0084/4785/2604/products/West_20Palm_20Beach_20Grouper_20_Snowy_20Fishing.jpg?v=1598700920
Snapper (Red),https://cdn.shopify.com/s/files/1/0084/4785/2604/products/West_20Palm_20Beach_20Snapper_20_Red_20Fishing.jpg?v=1598700905
Spanish Mackerel,https://cdn.shopify.com/s/files/1/0084/4785/2604/products/West_20Palm_20Beach_20Spanish_20Mackerel_20Fishing.jpg?v=1598700771
Snapper (Vermilion),https://cdn.shopify.com/s/files/1/0084/4785/2604/products/West_20Palm_20Beach_20Snapper_20_Vermilion_20Fishing.jpg?v=1598700744
Swordfish,https://cdn.shopify.com/s/files/1/0084/4785/2604/products/swordfish.jpg?v=1598743463
Tuna (Blackfin),https://cdn.shopify.com/s/files/1/0084/4785/2604/products/West_20Palm_20Beach_20Tuna_20_Blackfin_20Fishing.jpg?v=1598700781
Tilefish,https://cdn.shopify.com/s/files/1/0084/4785/2604/products/TileFish.jpg?v=1598743463
Snapper (Yellowtail),https://cdn.shopify.com/s/files/1/0084/4785/2604/products/West_20Palm_20Beach_20Snapper_20_Yellowtail_20Fishing.jpg?v=1598700771
Tarpon,https://cdn.shopify.com/s/files/1/0084/4785/2604/products/West_20Palm_20Beach_20Tarpon_20Fishing.jpg?v=1598700745
Tripletail,https://cdn.shopify.com/s/files/1/0084/4785/2604/products/West_20Palm_20Beach_20Tripletail_20Fishing.jpg?v=1598700934
Snook,https://cdn.shopify.com/s/files/1/0084/4785/2604/products/West_20Palm_20Beach_20Snook_20Fishing.jpg?v=1598700933
Tuna (Skipjack),https://cdn.shopify.com/s/files/1/0084/4785/2604/products/West_20Palm_20Beach_20Tuna_20_Skipjack_20Fishing.jpg?v=1598700913
Wahoo,https://cdn.shopify.com/s/files/1/0084/4785/2604/products/West_20Palm_20Beach_20Wahoo_20Fishing.jpg?v=1598700780
Snapper (Lane),https://cdn.shopify.com/s/files/1/0084/4785/2604/products/West_20Palm_20Beach_20Snapper_20_Lane_20Fishing.jpg?v=1598700860
Jack (African Pompano),https://cdn.shopify.com/s/files/1/0084/4785/2604/products/West_20Palm_20Beach_20Jack_20_African_20Pompano_20Fishing.jpg?v=1598700897
Hogfish,https://cdn.shopify.com/s/files/1/0084/4785/2604/products/West_20Palm_20Beach_20Hogfish_20Fishing.jpg?v=1598700826
Pompano,https://cdn.shopify.com/s/files/1/0084/4785/2604/products/West_20Palm_20Beach_20Pompano_20Fishing.jpg?v=1598700764
